Name,Address,Email,Phone Number,Aadhar Number,Pan Number,Date of Birth,Gender,City,State,Country
Samuel Behl,"04/97, Bhatia Road, Nagaon 293696",jloke@example.net,03136482450,244140948633,ILI317011YO,2005-11-21,Other,Navi Mumbai,Sikkim,India
Balveer Dubey,"102, Pai Road
Surat-808378",ekiya52@example.org,03769553585,412207263399,LAH240106MO,1966-05-27,Female,Mango,Tripura,India
Logan Kothari,"H.No. 00
Warrior Street, Danapur-162982",charan11@example.com,+918391978759,117735162157,KXZ701032OU,1986-03-27,Other,Kakinada,Himachal Pradesh,India
Xiti Parsa,"72
Nair Marg
Sambhal-028937",lopa61@example.com,0754823214,749018855376,NQB939058HZ,1954-06-04,Male,Naihati,Uttar Pradesh,India
Girish Sen,"48/76, Rai, Sagar 735409",banerjeezayyan@example.com,09624527268,992183221024,UTQ894746GR,1961-01-18,Male,Bellary,Meghalaya,India
Udyati Radhakrishnan,"531, Desai Ganj, Surat-719645",mohanaarush@example.com,01114201126,564416658367,MVM772758RN,1980-03-01,Other,Amaravati,Arunachal Pradesh,India
Unnati Mital,"H.No. 72
Sanghvi Road
Arrah-231311",zraj@example.net,+913093477942,284643816104,TBA460652AH,2005-02-04,Female,Panihati,Haryana,India
Maanas Pandit,"H.No. 45
Bansal Chowk
Dharmavaram-714593",olalla@example.com,9454723573,819978232604,MIX244628ZR,1966-09-09,Male,Kharagpur,Arunachal Pradesh,India
Tejas Jayaraman,"H.No. 02, Bali Street
Solapur 421907",bsur@example.net,7626336208,453320268484,ZQH863695PL,1949-05-08,Male,Junagadh,Andhra Pradesh,India
Indira Kade,"H.No. 34
Som Nagar, Chittoor-886984",kabir50@example.net,5410970690,824635975935,BBW923157KB,1946-06-10,Other,Navi Mumbai,Rajasthan,India
Veda Khatri,"21
Dhingra Path, Alwar-320000",pghosh@example.net,09661896078,729637606973,XCG429190ZK,1985-12-19,Female,Loni,Goa,India
Jason Swaminathan,"24, Sood
Bulandshahr 455584",kumarlajita@example.com,+917408796831,398661704908,KQV555345IE,1996-05-23,Female,Ludhiana,West Bengal,India
Rudra Munshi,"343, Mannan Nagar, Bhavnagar 050073",ygade@example.net,2718583639,789138716187,LPT902975JD,1947-12-29,Other,Navi Mumbai,Meghalaya,India
Finn Parekh,"73, Arora, Kota 978510",chandraeta@example.net,07577359420,719449758345,VKE872847JF,1993-10-04,Female,Ratlam,Meghalaya,India
Nidhi Choudhry,"467
Mital Zila, Sri Ganganagar-048516",bchatterjee@example.com,00659014787,988480753859,ZXL778910XZ,1957-12-03,Other,Vasai-Virar,Gujarat,India
Bhavika Bhandari,"H.No. 522
Behl Nagar, Sasaram 020698",chadavasana@example.org,5273884153,629200631899,VYK984768OD,1999-10-23,Other,Anand,Goa,India
Jagat Talwar,"334
Vala Circle, Khora -167571",magarisaac@example.com,+916477385446,327230336569,OJA048482OT,1986-09-12,Other,Ghaziabad,Himachal Pradesh,India
Orinder Sachar,"H.No. 34, Bobal Nagar, Ajmer 806349",srinivasanvanya@example.net,7859761466,463118500896,EFP706973IS,1949-04-10,Female,Jabalpur,Meghalaya,India
Tara Master,"47/45
Suri
Solapur 040858",wpillai@example.org,01520329669,850872156847,ABH608292BJ,1997-08-21,Female,Bareilly,Maharashtra,India
Zaitra Narasimhan,"H.No. 38
Upadhyay Circle
Giridih 532259",ramakrishnaneiravati@example.org,+911447649962,883153623831,LPX104710UL,2003-04-10,Male,Dehradun,Maharashtra,India
Arin Balan,"290
Iyer Nagar, Pali 052400",harishhayer@example.net,+910163539295,779652562002,VAM215161QQ,1961-01-23,Female,Sonipat,Meghalaya,India
Gaurav Ganesan,"H.No. 854, Butala Chowk
Ambarnath-611327",zbasak@example.net,8868059717,713921831850,CBG787845MH,1984-12-23,Male,Buxar,Tamil Nadu,India
Abeer Raju,"21/416
Taneja Zila
Vijayawada-194254",lipika52@example.com,+914823351611,444865011254,RUH600358QL,1992-07-07,Male,Panihati,Jharkhand,India
Megha Dutt,"38/04, Seshadri
Hospet-319723",omistry@example.net,2173923195,540734510431,ZAP341993ZP,2003-07-20,Male,Kirari Suleman Nagar,Jharkhand,India
Ganga Batra,"49/64, Golla Road
Jaipur 960716",dbatra@example.com,02088364428,601913959984,EDB314551IC,1966-04-17,Other,Rohtak,Uttarakhand,India
Gaurav Viswanathan,"734
Sankaran Circle
Panihati 876326",timothy04@example.org,09656591797,622129145053,JGH661413ZH,1950-09-13,Other,Hubli–Dharwad,Arunachal Pradesh,India
Chaitaly Singhal,"H.No. 604, Patel Ganj, Karawal Nagar-783232",qasim81@example.net,+917756932657,458903838405,WAX408190QI,1948-07-06,Female,Tadepalligudem,Punjab,India
Bimala Dhillon,"887
Sundaram Street, Tenali-527847",ishaan37@example.com,+911617266882,548912003494,INV906758HR,1985-02-07,Male,Etawah,Karnataka,India
Tarak Saha,"45/796
Zachariah Chowk, Kadapa-663846",zdeo@example.org,+913456717340,991693816018,QPD825671OK,1963-10-19,Other,Jaunpur,Tripura,India
Anjali Deol,"90, Garg Zila
Secunderabad-902660",anusha03@example.com,9785872191,914304804711,SMQ419107LZ,1990-01-14,Female,Kumbakonam,Himachal Pradesh,India
Vedika Deep,"77/635
Deshpande Street
Jalgaon 486374",bassiaadi@example.org,5229685015,605270764637,TPA395465AW,1998-11-04,Male,Hubli–Dharwad,Haryana,India
Widisha Narula,"813
Mander Ganj, Bally-344643",baghyawatimenon@example.com,02063813078,686713316686,ITS358757OP,1969-04-25,Female,Madanapalle,Jharkhand,India
Chakrika Bhavsar,"86
Mistry, Akola-970886",atak@example.net,01067183683,131834032149,GTD058876UB,1968-03-06,Male,Bhilai,Jharkhand,India
Warda Kuruvilla,"373, Natarajan
Parbhani 636403",sathvikraman@example.org,+919046575010,904846224560,PMU144321MU,1962-07-18,Male,Darbhanga,Arunachal Pradesh,India
Unni Krishnamurthy,"79/94, Manda Path
Bellary 477213",buchgauri@example.net,9838555344,558487784978,FVT728128SU,1959-12-12,Other,Kolhapur,Nagaland,India
Mohini Narayan,"84/02
Vasa Street, Sonipat 838477",dubearadhana@example.com,07789256391,332205156194,YBJ423643XR,1952-02-15,Male,Panchkula,Goa,India
Jagat Saha,"29/78
Biswas Marg
Avadi 090516",ishanimurthy@example.net,0118945701,644789055535,UPZ994149DW,1977-10-24,Other,Karaikudi,Nagaland,India
Samaksh Srivastava,"99/390
Ganesh Zila
Khora  649419",jsastry@example.org,01891902105,328394629839,BMS358052OD,1945-05-19,Male,Chandrapur,Mizoram,India
Naveen Mall,"62/405
Dhaliwal
Maheshtala-780590",falanbhattacharyya@example.net,7205532497,466503197873,XZD971050QT,1958-03-18,Female,Sultan Pur Majra,Meghalaya,India
Tarak Kanda,"H.No. 777
Batra Circle, Davanagere-986201",ytata@example.com,04690417791,127551307585,GMN941813AD,2004-08-03,Other,Nanded,Arunachal Pradesh,India
Samesh Kale,"06
Iyer, Maheshtala 863765",akhanna@example.net,+910695447291,363762674363,DGD517186RF,1996-03-18,Other,Bongaigaon,Madhya Pradesh,India
Harinakshi Zacharia,"98/898, Rana Path
Loni 295483",gokhaleomaja@example.net,8528629977,486181915729,VGH467532XC,1993-05-01,Male,Salem,Bihar,India
Daksha Sankaran,"03/45
Parekh Street
Jalna-796556",aishanipatil@example.org,2253342876,877067069382,AAY367183GG,1993-12-09,Female,Deoghar,Odisha,India
Ekaja Saraf,"65/362
Ramakrishnan Road, Adoni-718259",yash21@example.org,7865613930,739869433003,RDK276919AY,1971-08-09,Female,Gorakhpur,Odisha,India
Caleb Deshpande,"H.No. 22, Krishnan Street, Ratlam 795995",jbal@example.com,2283172431,312225091412,PDW254790DA,1975-04-12,Female,Shimoga,West Bengal,India
Vansha Kale,"91
Lal Zila, Bhubaneswar 385782",senmaanas@example.com,5088957607,877842066533,AIV411503RA,1982-11-15,Female,Nashik,Tripura,India
Omkaar Talwar,"23/394, Saran Zila, Jaunpur-021532",nachiketsama@example.org,+910552432165,862971494961,DGG645458KS,1994-08-25,Other,Jammu,Andhra Pradesh,India
Praneel Wagle,"14/942, Raja Marg
Rampur 272837",gandra@example.com,04831939818,143636528714,OWI409725TC,1947-05-11,Other,Dhule,Manipur,India
Garima Gaba,"H.No. 07, Pandit
Gopalpur-982540",pbalasubramanian@example.org,+912960997104,271227696701,TBP594889NZ,1964-02-13,Male,Sirsa,Himachal Pradesh,India
Urvi Rajan,"87/738
Deep Ganj, Rampur-672623",zachariahwarda@example.net,+912664093047,694241567453,IZV659122BL,1967-03-31,Male,Fatehpur,West Bengal,India
Hemang Master,"56/85
Parsa
Visakhapatnam-446351",zwali@example.net,6366967600,315361700244,YDF134691CY,1959-03-28,Female,Bhiwani,Goa,India
Ijaya Bassi,"H.No. 37
Gour Circle
Serampore-967063",zchander@example.org,3159357501,799489132959,UJP386415IG,1988-09-18,Other,Siwan,Arunachal Pradesh,India
Yochana Mani,"H.No. 71, Khurana Street
Ujjain 858858",samarthchaudhuri@example.net,08694218600,661932721676,EIY793891MI,2000-11-22,Female,Madurai,Maharashtra,India
Fariq Solanki,"H.No. 20
Khosla Ganj, Bhopal 335084",lpuri@example.net,06124542412,533439777666,NUG979625TO,1957-12-23,Female,Mira-Bhayandar,Arunachal Pradesh,India
Dev Pingle,"H.No. 726, Randhawa Zila, Rewa-668569",rudrasura@example.net,+919052810012,251904730343,HOL364979FU,1981-11-26,Male,Shimoga,Gujarat,India
Timothy Nair,"08/936, Mane Ganj, Muzaffarpur-352969",azaan93@example.net,07546728077,139769413096,HKX143063AP,1971-01-03,Female,Meerut,Himachal Pradesh,India
Gautam Sachar,"88, Padmanabhan Road, Dindigul-067933",mdani@example.org,+913195250748,541679828128,BVN976695EV,1975-05-05,Other,Aizawl,Manipur,India
Mohini Nayar,"46
Vig Road
Thrissur-515962",kverma@example.net,03060408515,626981571919,HCB204836CX,1964-05-04,Other,Bilaspur,Odisha,India
Janani Agrawal,"54/95, Varkey Street, Bhilai 431839",tanviraghavan@example.com,7405742178,187606403220,NGI640767SD,1996-07-16,Male,Nandyal,Tripura,India
Ishaan Sankar,"H.No. 05
Nigam Circle, Saharanpur 974096",dalbirsankaran@example.com,08708525300,836252540113,PRQ217422HY,1965-05-09,Other,Katihar,Rajasthan,India
Wakeeta Bala,"45
Gour Path, Jalna 573237",maya35@example.com,+916810946421,801842688552,OJM513277PF,1979-10-16,Male,Giridih,Andhra Pradesh,India
Quincy Pathak,"H.No. 26, Sood Marg, Bhilwara-700144",yohannanpahal@example.com,+917394960532,874536999495,ZLA906048YJ,1980-03-09,Male,Bellary,Meghalaya,India
Charan Mital,"30/473
Sane Road, Lucknow 889494",krishdevan@example.net,+911706484446,526915009124,MEB017444MQ,1985-05-15,Male,Kalyan-Dombivli,Punjab,India
Falan Parmer,"73/00, Singhal Street
Deoghar-528481",suhani02@example.com,9792969514,465826008614,MFD881407XC,1974-09-04,Other,Agartala,Odisha,India
Ekta Amble,"91
Shah Marg
Jammu 338255",sramakrishnan@example.org,4795553547,346495497156,GTN282211BR,1953-06-10,Other,Mysore,Haryana,India
Anamika Hans,"85/827
Anand Circle, Nagercoil 587640",akshay81@example.org,+911656749458,225163329176,HYE096502XB,1970-11-30,Male,Guntur,Nagaland,India
Jagrati Seshadri,"H.No. 29
Bandi Marg
Uluberia 118848",ekansh95@example.com,9196038294,337635029176,PJD078395GZ,1947-08-23,Female,Pimpri-Chinchwad,Meghalaya,India
Advay Amble,"17/94, Garde Road, Fatehpur-119489",mdash@example.com,+911026059891,273334514718,JXH226035EL,1956-01-19,Male,Madhyamgram,Arunachal Pradesh,India
Leena Seth,"H.No. 842
Nagy Zila
Ratlam-133222",owensetty@example.net,00862112118,463989767562,PCE035505VX,1949-10-26,Female,Madurai,Karnataka,India
Aryan Bhavsar,"44/22
Subramanian Zila, Bhubaneswar 121619",rushil02@example.com,+917763511378,651348400627,XJL335033CS,1999-03-21,Male,Tadepalligudem,Jharkhand,India
Jagvi Manne,"39/77
Tara Path, Ratlam-520283",faraj78@example.net,1131407485,677095295737,QBX636871XX,1980-11-06,Male,Jalgaon,Manipur,India
Peter Bakshi,"H.No. 27, Boase
Jaunpur 614575",anmolmukherjee@example.com,06086136580,947781935049,ZHN668676PK,2004-03-25,Male,Allahabad,Uttarakhand,India
Ganga Goswami,"68/54, Sankar Chowk, Amroha-878872",bainszaitra@example.net,+919855713986,299610591371,PMS318393YN,1946-03-28,Other,Haridwar,Andhra Pradesh,India
Abha Sawhney,"H.No. 59
Roy Chowk
Gorakhpur-116192",warriorurmi@example.net,+912724634219,940301527373,SMY226469XP,1946-10-07,Male,Ballia,Arunachal Pradesh,India
Priya Chadha,"74/311
Rama Ganj, Madurai 803897",nigamria@example.net,08827276000,708407998397,FKO012367ZM,2001-10-19,Other,Bhavnagar,Chhattisgarh,India
Vidhi Deo,"H.No. 74
Verma Chowk
Hajipur 846498",xde@example.net,05853337008,869095773447,BES790335WZ,1956-04-12,Male,Chandigarh,Chhattisgarh,India
Isaiah Deshpande,"H.No. 84, Borah Street
Vasai-Virar-388747",jainikbal@example.org,0841842723,349998227929,NBQ682132AS,2004-11-19,Female,Ongole,Uttar Pradesh,India
Abhiram Tella,"02, Raj Nagar, Jaunpur 529246",aanand@example.org,02607362651,529726605892,SQN917628XP,1978-03-22,Male,Rewa,Odisha,India
Noah Loyal,"585, Varughese Circle
Bardhaman 842911",anya51@example.org,+918801998846,500670593568,RBM238760TP,1980-03-22,Other,Bijapur,Haryana,India
Zayyan Mistry,"H.No. 778
Ravi Street, Erode 103178",kritika03@example.org,4753375097,170164391644,NXX738820GL,1979-03-25,Male,Bahraich,Jharkhand,India
Kritika Andra,"93/59
Sachdeva Street
Vadodara-668392",advaithdutta@example.net,+919513128595,804113616086,JUK416455FO,1956-01-03,Male,Mahbubnagar,Madhya Pradesh,India
Jai Iyer,"H.No. 66, Kaul Road, Anantapur-584654",unnati13@example.org,+918391796454,133854798436,TIS403091ZE,1981-01-20,Female,Rourkela,Chhattisgarh,India
Chaman Pai,"H.No. 80, Raval Marg, Adoni-966303",yauvaninigam@example.org,3385014516,614499196811,URH528107WI,1994-09-25,Other,Siwan,Karnataka,India
Avni Sura,"48/568
Prabhakar Street
Junagadh 406041",rastogidhruv@example.net,09568979937,289804410527,BPV895139LO,1995-08-16,Female,Patna,Mizoram,India
Odika Sibal,"H.No. 57
Soni Marg
Jaunpur 323392",gkapoor@example.org,05713211643,226916591655,DRE487673BO,1981-09-07,Female,Gandhidham,Odisha,India
Oscar Bora,"H.No. 995, Pall Street, Silchar-704516",rajbalendra@example.org,06112606842,931063451093,OTF199900YI,1998-10-19,Female,Muzaffarnagar,Tamil Nadu,India
Radha Sengupta,"00
Mangat Road
Gandhidham 225603",bwali@example.net,0678491191,213794014040,UPW127482JD,1981-01-17,Male,Mangalore,Mizoram,India
Hemal Bal,"45, Bhatia Street, Ghaziabad-818164",dsridhar@example.com,+917980740501,769931353958,CIM983655IQ,1967-05-25,Female,Deoghar,Maharashtra,India
Kashvi Dyal,"H.No. 49
Naik Chowk, Panvel-900968",dhruvradhakrishnan@example.net,+911691020886,511608991069,NJA396867MH,1952-09-28,Male,Siwan,Rajasthan,India
Vedika Lad,"H.No. 40, Lad Chowk, Ambala 827297",fanne@example.com,1864927936,401565131857,WFW328954ZL,1969-12-09,Male,Etawah,Uttar Pradesh,India
Vansha Joshi,"43/16
Taneja Ganj, Sambhal-932692",mramaswamy@example.com,03629258204,687042960729,JUB258718SD,1969-12-19,Male,Kottayam,Chhattisgarh,India
Faras Thakkar,"31/261
Gera Ganj, Sultan Pur Majra 806564",divanyashodhara@example.net,9837967737,896329107822,VWE042915MX,1979-09-28,Female,Etawah,West Bengal,India
Omisha Pradhan,"51/18, Modi Marg
Jodhpur 991460",mannbina@example.com,4873082290,321846376740,VTX358622VN,1947-07-17,Other,Haridwar,Uttarakhand,India
Megha Mani,"43/16
Bose Street, Rajahmundry 512937",aadhyadalia@example.com,2724283999,118153127712,FCM632234NG,1947-05-24,Female,Ujjain,Uttarakhand,India
Tanmayi Dubey,"H.No. 756
Rana Street
Ambattur-547688",nlala@example.net,8849279868,724414760577,EYE169773LE,1990-01-12,Other,Ratlam,Uttarakhand,India
Imaran Prabhu,"H.No. 913, More Nagar
Jehanabad 921259",nidra79@example.org,0292816909,563474079621,VOT135194GT,1979-09-26,Female,Motihari,Mizoram,India
Netra Murthy,"204
Bhasin Marg, Chittoor-075746",amolvenkatesh@example.com,7586323982,979716175446,PHC955205CX,1965-03-28,Female,Ballia,Nagaland,India
Meghana Apte,"847, Rattan Road
Shimla-714740",fkapoor@example.com,05988260462,248469336737,HQI336630XU,1982-06-02,Other,Tadipatri,Meghalaya,India
Priya Lata,"H.No. 42, Deol Zila, Anantapur-714984",ployal@example.com,05014256101,826559256079,EFY311413PU,1990-05-19,Other,Orai,Haryana,India
Samuel Singh,"09
Manda Road, Fatehpur 819336",watika09@example.com,+916361565833,240799015496,QHU696762RL,1951-12-05,Male,Sultan Pur Majra,Manipur,India
Ishwar Nayar,"098
Kunda Ganj, Bally-326117",rchandra@example.com,8035464123,415509574134,DTJ174844GM,1951-06-05,Other,South Dumdum,Telangana,India
Nathan Gade,"H.No. 58, Gade Nagar
Kulti-850229",simon99@example.net,00605874139,953107871480,FKP740988BA,1990-11-22,Other,Arrah,Telangana,India
Yashodhara Tella,"34/166, Sachar Path
Bulandshahr-852089",zsinghal@example.net,03085022986,954473470400,ZZE799278DJ,1948-03-03,Male,Dharmavaram,Tamil Nadu,India
Eesha Seshadri,"76/23, Kaur Road, Kirari Suleman Nagar-338340",yachanamane@example.com,03253520835,938324909926,ANH581141CE,1976-01-20,Female,Kollam,Maharashtra,India
Orinder Gara,"09/708, Munshi Circle, Allahabad-086766",simonbava@example.net,7991158176,602309787458,BGO453291RW,1989-10-27,Female,Singrauli,Maharashtra,India
Mahika Barman,"79/658
Sem Path
Shivpuri-809519",aashidube@example.org,02565462674,850935079142,UMN277788EK,1992-09-04,Female,Bhopal,Mizoram,India
Ira Chaudhry,"49/14
Salvi Zila
Giridih-384135",vpalan@example.org,5084136031,885737346465,YWN552346VU,1947-09-25,Male,Solapur,Karnataka,India
Ryan Jani,"18/16, Rajagopalan, Bally 775134",vedhikaramesh@example.org,07163804769,750503813415,SFX861092XO,1990-04-28,Male,Noida,Mizoram,India
Bhavini Sem,"61/785, Upadhyay Circle
Bettiah-731352",ikrishnamurthy@example.net,05182762078,227490998366,RFW741650JF,1999-07-04,Other,Sikar,Haryana,India
Daksh Anand,"61, Sami Circle, Rewa-331293",upadhritimukherjee@example.net,01843294038,812614416209,TGZ057103BE,1956-02-27,Male,Gudivada,Assam,India
Aarna Zachariah,"H.No. 519, Shan Path, Rewa 563886",tratti@example.org,+913146136879,947337276813,KGI553492QH,1974-04-15,Male,Sri Ganganagar,Kerala,India
Maanav Shere,"H.No. 24
Mukherjee Circle
Udaipur-860345",hrout@example.org,4688058934,524706122332,THC753952EY,1961-05-18,Female,Siwan,Gujarat,India
Samaksh Baral,"35/20, Ramachandran Circle, Jabalpur 548884",deoanay@example.com,5421539439,222071521844,LYK237955DQ,2005-03-17,Male,Gorakhpur,Himachal Pradesh,India
Kavya Mishra,"H.No. 19, Lanka Ganj, Kumbakonam-694292",wazirbhattacharyya@example.net,2784897395,541026403331,ROL744322OX,1989-04-30,Male,Arrah,Punjab,India
Gavin Mukhopadhyay,"88, Bhasin Circle
Fatehpur-128722",kevin96@example.com,05618913958,956150920614,CJK478610QR,1984-07-19,Male,Muzaffarpur,Haryana,India
Shivani Sinha,"918
Saraf Road
Bhilwara 146712",xdhaliwal@example.org,08799475230,854129432556,FAE874976QV,1966-10-24,Other,Chandrapur,Telangana,India
Yash Keer,"H.No. 24
Dada
Indore-849636",veda52@example.com,03568025909,335948292244,RVW396197RJ,1951-11-20,Other,Anantapuram,Sikkim,India
Faris Sani,"47/745, Kala Circle
Junagadh-257308",praneelborah@example.com,06923140695,849328024624,UVX595610PD,1961-11-25,Female,Mysore,Telangana,India
Onkar Morar,"40
Ranganathan Road
Delhi 410323",jkhalsa@example.net,+918675290465,533655375104,DYI795662LK,1993-01-26,Female,New Delhi,Jharkhand,India
Rajeshri Cheema,"H.No. 49, Kakar Street
Hubli–Dharwad-373155",pranavnadig@example.com,+913691698405,863036304838,XRF168409ON,1948-07-23,Female,Sangli-Miraj & Kupwad,Odisha,India
Vedhika Chakrabarti,"359
Choudhury Path
Parbhani 211367",hbir@example.org,2588342329,707449586501,VUI417547OD,1998-10-13,Female,Fatehpur,Mizoram,India
Shravya Viswanathan,"19/935
Oza Circle, Shivpuri 431760",kariabhiram@example.com,+915614864504,564114358521,CYJ655656WN,2002-08-22,Female,Saharsa,Kerala,India
Champak Rajagopalan,"962, Goda Ganj
Silchar-976939",dhruvsibal@example.com,08119739782,827972450499,BUK785759KA,1989-10-30,Female,Suryapet,Nagaland,India
Vedant Kumar,"34
Thakur Road, Mehsana 034447",falakbuch@example.org,+918711424065,819583074850,PZE588162BP,1967-10-20,Male,Tiruchirappalli,Gujarat,India
Noah Menon,"19/06, Talwar Road
Anantapur 738306",luke71@example.org,07183381494,564524290327,LUF994575IP,1995-02-18,Female,Bangalore,Madhya Pradesh,India
Anusha Sanghvi,"019
Brahmbhatt
Tirunelveli-020202",mannanlohit@example.org,2041413833,641131971521,ZTG783611SS,2004-03-08,Other,Sultan Pur Majra,Maharashtra,India
Anya Iyengar,"77/76
Din Marg, Jaipur 824351",bsharaf@example.org,+912580962074,177426673008,DUC733030JH,2004-11-27,Other,Allahabad,Kerala,India
Harshil Nanda,"16
Modi Zila, Bareilly-807303",falan19@example.org,09641375138,818342616418,YBT313537SL,1999-09-17,Male,Karawal Nagar,Sikkim,India
Anvi Peri,"28
Prasad Circle, Satara 189642",goyalaishani@example.org,04808147012,886983869136,CCE167070WZ,1980-02-22,Male,Chinsurah,Madhya Pradesh,India
Oeshi Sathe,"H.No. 08, Kumar
Jorhat 430882",groverarya@example.com,0396807911,432185789557,PUH267132GW,1998-10-18,Other,Kottayam,Manipur,India
Timothy Chahal,"95
Natarajan Chowk
Farrukhabad-974503",yashvisahni@example.org,+919793549069,103427265684,RRO413524ZR,1994-03-04,Male,Ujjain,Bihar,India
Triveni Chadha,"073, Swaminathan Road
Bhimavaram-257538",tbhagat@example.com,+912873438944,531438437892,PDM231256JT,1952-03-11,Female,Patna,Uttar Pradesh,India
Gautam Kulkarni,"H.No. 06, Dua Zila
Ghaziabad 725554",charanita@example.net,+914278632432,685432309020,NPK930971ZS,1991-09-02,Other,Guwahati,Bihar,India
Lakshit Uppal,"584, Dada Circle, Mathura-122693",calebdada@example.com,05550567809,586335313059,NHX487984PA,1948-06-08,Male,Howrah,Uttarakhand,India
Raagini Dixit,"H.No. 33
Dugar Zila
Bangalore 868543",dattamichael@example.com,+911930240058,263488261212,TAT201254SB,1992-03-07,Other,Arrah,Uttarakhand,India
Maya Rama,"25/25, Narayanan Path
Srinagar-545060",janakioommen@example.org,+918820973364,463599460145,BDW325191HG,1973-09-22,Male,Hubli–Dharwad,West Bengal,India
Wakeeta Grewal,"H.No. 18, Butala Zila
Patna-817569",wriddhishsem@example.org,+918883144835,502671400131,GMX877536PA,1946-05-16,Female,Raichur,Uttarakhand,India
Tanmayi Parikh,"12, Sharma Circle, Bhopal 843505",chandran68@example.org,+911809517060,488045314213,OIH285388XY,1951-06-18,Male,Udaipur,Karnataka,India
Yauvani Loyal,"969, Srinivasan
Berhampore 277587",amara23@example.com,09294675110,256508444016,BAT919863UM,1959-12-28,Female,Chandrapur,Jharkhand,India
Faraj Rattan,"20/614
Buch Road
Tadepalligudem-093861",rameshvrishti@example.org,+916096223414,807450974273,NKX290465HQ,1978-12-06,Other,Bilaspur,Bihar,India
Rohan Balay,"56/31, Rajan Chowk
Udupi 167434",gbadami@example.net,1290895348,753537745424,MBA368324SV,2000-05-14,Female,Nashik,Rajasthan,India
Rajeshri Khatri,"511, Rege Ganj
Danapur 854315",lila26@example.com,09357805824,655104025055,WNH995262BD,1966-02-26,Male,Sangli-Miraj & Kupwad,Sikkim,India
Omaja Bala,"H.No. 49, Datta Ganj, Ranchi-488026",turvikar@example.com,+911993340282,533271427109,ZPM417390ND,2000-10-07,Other,Nizamabad,Tamil Nadu,India
Michael Garg,"733
Biswas Circle
Muzaffarnagar-793029",daveishaan@example.org,+913844245062,713417215079,FKW873098UF,1975-01-22,Other,Rohtak,Meghalaya,India
Charvi Kala,"367
Sharaf
Serampore-276389",damyanti30@example.com,4469938270,465537710856,TDP438008GM,1985-06-05,Female,Ramagundam,Goa,India
Falak Dass,"72, Nadkarni Street
Bhilai 286251",siddharthyogi@example.net,7726715147,593969408212,LIB842904KC,1961-06-18,Male,Bikaner,Bihar,India
Nicholas Sahota,"899
Mukherjee Path
Hazaribagh-120857",gabrielpau@example.net,+918538797174,883213866421,CXO819663NX,1959-06-21,Male,Chennai,Madhya Pradesh,India
Bhanumati Dubey,"767
D’Alia Street, Raebareli-690558",nathanchokshi@example.org,01119197012,418379503531,HBF982662HY,1997-02-16,Female,Mathura,Uttar Pradesh,India
Aishani Bhat,"945, Viswanathan Marg, Pondicherry-235031",chavvijha@example.org,8686758850,781897331368,SGE461017RV,1981-04-01,Other,Bhubaneswar,Rajasthan,India
Utkarsh Rama,"H.No. 98
Boase Circle
Gorakhpur 564349",balichanchal@example.org,+910244683901,371885622734,WMZ964686PL,1956-05-30,Other,Mathura,Kerala,India
